[{
		"planeType": "Boeing 777",
		"code2": "4511",
		"totalSeats": 300,
		"toAirport": "LAX",
		"takeOffDate": "2016-01-15",
		"fromAirport": "MUA",
		"price": 900,
		"airlineName": "American Airlines",
		"seatsAvailable": 100,
		"ID": 10,
		"code1": "eefd"
	}, {
		"planeType": "Boeing 737",
		"code2": "4567",
		"totalSeats": 150,
		"toAirport": "SFO",
		"takeOffDate": "2016-01-20",
		"fromAirport": "MUA",
		"price": 456,
		"airlineName": "American Airlines",
		"seatsAvailable": 100,
		"ID": 11,
		"code1": "rree"
	}]