<?xml version="1.0" encoding="UTF-8"?>

<mule xmlns:dw="http://www.mulesoft.org/schema/mule/ee/dw" xmlns:metadata="http://www.mulesoft.org/schema/mule/metadata" xmlns:http="http://www.mulesoft.org/schema/mule/http" xmlns:schedulers="http://www.mulesoft.org/schema/mule/schedulers" xmlns:tracking="http://www.mulesoft.org/schema/mule/ee/tracking" xmlns:db="http://www.mulesoft.org/schema/mule/db" xmlns="http://www.mulesoft.org/schema/mule/core" xmlns:doc="http://www.mulesoft.org/schema/mule/documentation"
	xmlns:spring="http://www.springframework.org/schema/beans" 
	xmlns:xsi="http://www.w3.org/2001/XMLSchema-instance"
	xsi:schemaLocation="http://www.springframework.org/schema/beans http://www.springframework.org/schema/beans/spring-beans-current.xsd
http://www.mulesoft.org/schema/mule/core http://www.mulesoft.org/schema/mule/core/current/mule.xsd
http://www.mulesoft.org/schema/mule/db http://www.mulesoft.org/schema/mule/db/current/mule-db.xsd
http://www.mulesoft.org/schema/mule/schedulers http://www.mulesoft.org/schema/mule/schedulers/current/mule-schedulers.xsd
http://www.mulesoft.org/schema/mule/http http://www.mulesoft.org/schema/mule/http/current/mule-http.xsd
http://www.mulesoft.org/schema/mule/ee/dw http://www.mulesoft.org/schema/mule/ee/dw/current/dw.xsd
http://www.mulesoft.org/schema/mule/ee/tracking http://www.mulesoft.org/schema/mule/ee/tracking/current/mule-tracking-ee.xsd">
    <db:mysql-config name="MySQL_Configuration" host="${db.host}" port="${db.port}" user="${db.user}" password="${db.password}" database="${db.database}" doc:name="MySQL Configuration"/>
    <flow name="dbcallFlow">
        <poll doc:name="Poll">
            <fixed-frequency-scheduler frequency="2" timeUnit="MINUTES"/>
            <logger message="The poller has been started" level="INFO" doc:name="Logger"/>
        </poll>
        <http:request config-ref="HTTP_Request_Configuration" path="/united/flights" method="GET" doc:name="HTTP"/>
        <dw:transform-message doc:name="Transform Message" metadata:id="3c451378-a53f-492b-8b7a-9327d1d26ed4">
            <dw:input-payload doc:sample="test.json" mimeType="application/json"/>
            <dw:set-payload><![CDATA[%dw 1.0
%output application/java
---
payload.flights distinctBy $.destination map (payload01,index) -> {
	des : payload01.destination
}]]></dw:set-payload>
        </dw:transform-message>
        <splitter expression="#[payload]" doc:name="Splitter"/>
        <logger message="The payload is #[payload.des]" level="INFO" doc:name="Logger"/>
        <set-variable variableName="to" value="#[payload.des]" doc:name="Variable"/>
        <db:select config-ref="MySQL_Configuration" doc:name="Database">
            <db:parameterized-query><![CDATA[select * from american where toAirport=#[flowVars.to]]]></db:parameterized-query>
        </db:select>
        <choice doc:name="Choice">
            <when expression="payload.size() &gt; 0">
                <logger message="The response received from db is #[payload]" level="INFO" doc:name="Logger"/>
            </when>
            <otherwise>
                <logger message="There is no data available in MySQL database for #[flowVars.to]" level="INFO" doc:name="Logger"/>
            </otherwise>
        </choice>
    </flow>
</mule>
