<?xml version="1.0" encoding="UTF-8"?>

<mule xmlns:dw="http://www.mulesoft.org/schema/mule/ee/dw" xmlns:db="http://www.mulesoft.org/schema/mule/db" xmlns:metadata="http://www.mulesoft.org/schema/mule/metadata" xmlns:json="http://www.mulesoft.org/schema/mule/json" xmlns:http="http://www.mulesoft.org/schema/mule/http" xmlns="http://www.mulesoft.org/schema/mule/core" xmlns:doc="http://www.mulesoft.org/schema/mule/documentation"
	xmlns:spring="http://www.springframework.org/schema/beans" 
	xmlns:xsi="http://www.w3.org/2001/XMLSchema-instance"
	xsi:schemaLocation="http://www.springframework.org/schema/beans http://www.springframework.org/schema/beans/spring-beans-current.xsd
http://www.mulesoft.org/schema/mule/core http://www.mulesoft.org/schema/mule/core/current/mule.xsd
http://www.mulesoft.org/schema/mule/db http://www.mulesoft.org/schema/mule/db/current/mule-db.xsd
http://www.mulesoft.org/schema/mule/http http://www.mulesoft.org/schema/mule/http/current/mule-http.xsd
http://www.mulesoft.org/schema/mule/json http://www.mulesoft.org/schema/mule/json/current/mule-json.xsd
http://www.mulesoft.org/schema/mule/ee/dw http://www.mulesoft.org/schema/mule/ee/dw/current/dw.xsd">
    <flow name="scatter-gatherFlow">
        <http:listener config-ref="HTTP_Listener_Configuration" path="/scatter" doc:name="HTTP"/>
        <scatter-gather doc:name="Scatter-Gather">
            <processor-chain>
                <db:select config-ref="MySQL_Configuration" doc:name="Database">
                    <db:dynamic-query><![CDATA[select * from american;]]></db:dynamic-query>
                </db:select>
                <json:object-to-json-transformer doc:name="Object to JSON"/>
            </processor-chain>
            <processor-chain>
                <http:request config-ref="HTTP_Request_Configuration" path="/united/flights" method="GET" doc:name="HTTP"/>
                <byte-array-to-string-transformer doc:name="Byte Array to String"/>
                <dw:transform-message doc:name="Transform Message" metadata:id="6b9ba08b-c7c9-47da-88ef-fc6ca9a90789">
                    <dw:input-payload doc:sample="test.json" mimeType="application/json"/>
                    <dw:set-payload><![CDATA[%dw 1.0
%output application/json
---
payload.flights map ((flight , indexOfFlight) -> {
	planeType: flight.planeType,
	code2: flight.code,
	toAirport: flight.destination,
	takeOffDate: flight.departureDate,
	fromAirport: flight.origin,
	price: flight.price,
	airlineName: flight.airlineName
})]]></dw:set-payload>
                </dw:transform-message>
            </processor-chain>
        </scatter-gather>
        <dw:transform-message doc:name="Transform Message">
            <dw:set-payload><![CDATA[%dw 1.0
%output application/json
---
flatten payload]]></dw:set-payload>
        </dw:transform-message>
        <logger message="#[payload]" level="INFO" doc:name="Logger"/>
    </flow>
</mule>
